Eigenvector Count,Signal Matrix Type,Model Matrix Type,MSE
3,M_shiftDirected,M_shiftDirected,0.03744664396944802
3,M_shiftDirected,M_laplacianDirected,0.061176918808358266
3,M_shiftDirected,M_normalizedLaplacianDirected,0.056738240376379
3,M_shiftDirected,M_moebius,0.03042396732928983
3,M_shiftDirected,M_moebiusLaplacian,0.06583829394801871
3,M_shiftDirected,M_modifiedMoebius,0.020655519736146394
3,M_shiftDirected,M_shiftUndirected,0.01791869391357275
3,M_shiftDirected,M_laplacianUndirected,0.025549077468595745
3,M_shiftDirected,M_normalizedLaplacianUndirected,0.03564058648578585
3,M_shiftDirected,M_leftNormalizedLaplacian,0.03409734608217723
3,M_shiftDirected,M_incidence,0.019702489711496442
3,M_shiftDirected,M_normalizedIncidence,0.024726584292773437
3,M_laplacianDirected,M_shiftDirected,0.08161191523307413
3,M_laplacianDirected,M_laplacianDirected,0.052815813261905806
3,M_laplacianDirected,M_normalizedLaplacianDirected,0.06352081092168713
3,M_laplacianDirected,M_moebius,0.04489085338609107
3,M_laplacianDirected,M_moebiusLaplacian,0.05498041517261364
3,M_laplacianDirected,M_modifiedMoebius,0.02078853072895075
3,M_laplacianDirected,M_shiftUndirected,0.018861700915088587
3,M_laplacianDirected,M_laplacianUndirected,0.028715448580172567
3,M_laplacianDirected,M_normalizedLaplacianUndirected,0.02810706377545176
3,M_laplacianDirected,M_leftNormalizedLaplacian,0.025655963008316057
3,M_laplacianDirected,M_incidence,0.014485547793181097
3,M_laplacianDirected,M_normalizedIncidence,0.01939787938193735
3,M_normalizedLaplacianDirected,M_shiftDirected,0.055927466802551354
3,M_normalizedLaplacianDirected,M_laplacianDirected,0.055101918227076
3,M_normalizedLaplacianDirected,M_normalizedLaplacianDirected,0.053245221422488866
3,M_normalizedLaplacianDirected,M_moebius,0.017893541960982702
3,M_normalizedLaplacianDirected,M_moebiusLaplacian,0.05824584542264998
3,M_normalizedLaplacianDirected,M_modifiedMoebius,0.014825704869934401
3,M_normalizedLaplacianDirected,M_shiftUndirected,0.015648621505367777
3,M_normalizedLaplacianDirected,M_laplacianUndirected,0.029337310508033
3,M_normalizedLaplacianDirected,M_normalizedLaplacianUndirected,0.04080093410399492
3,M_normalizedLaplacianDirected,M_leftNormalizedLaplacian,0.03393767786032279
3,M_normalizedLaplacianDirected,M_incidence,0.014454532805888218
3,M_normalizedLaplacianDirected,M_normalizedIncidence,0.014646047491720776
3,M_moebius,M_shiftDirected,0.042890397758955374
3,M_moebius,M_laplacianDirected,0.05330929202594774
3,M_moebius,M_normalizedLaplacianDirected,0.05473233930336671
3,M_moebius,M_moebius,0.032130278843255464
3,M_moebius,M_moebiusLaplacian,0.05336112466154394
3,M_moebius,M_modifiedMoebius,0.019507481175391316
3,M_moebius,M_shiftUndirected,0.01442418565230203
3,M_moebius,M_laplacianUndirected,0.01410676471567166
3,M_moebius,M_normalizedLaplacianUndirected,0.029221943900208845
3,M_moebius,M_leftNormalizedLaplacian,0.03675784133904193
3,M_moebius,M_incidence,0.013687685470285078
3,M_moebius,M_normalizedIncidence,0.02506395792954521
3,M_moebiusLaplacian,M_shiftDirected,0.036858764638774334
3,M_moebiusLaplacian,M_laplacianDirected,0.04998068648434936
3,M_moebiusLaplacian,M_normalizedLaplacianDirected,0.05649717148467241
3,M_moebiusLaplacian,M_moebius,0.01380833819955965
3,M_moebiusLaplacian,M_moebiusLaplacian,0.05253422408405242
3,M_moebiusLaplacian,M_modifiedMoebius,0.018798957003892683
3,M_moebiusLaplacian,M_shiftUndirected,0.015877774149842698
3,M_moebiusLaplacian,M_laplacianUndirected,0.018613054568008283
3,M_moebiusLaplacian,M_normalizedLaplacianUndirected,0.027305260056097038
3,M_moebiusLaplacian,M_leftNormalizedLaplacian,0.040611978418954
3,M_moebiusLaplacian,M_incidence,0.012615756446741396
3,M_moebiusLaplacian,M_normalizedIncidence,0.05442549822505697
3,M_modifiedMoebius,M_shiftDirected,0.04511133659281465
3,M_modifiedMoebius,M_laplacianDirected,0.054896013014072764
3,M_modifiedMoebius,M_normalizedLaplacianDirected,0.05415852736582912
3,M_modifiedMoebius,M_moebius,0.014802841310784314
3,M_modifiedMoebius,M_moebiusLaplacian,0.05557153856509396
3,M_modifiedMoebius,M_modifiedMoebius,0.0466899854862348
3,M_modifiedMoebius,M_shiftUndirected,0.042073581403732546
3,M_modifiedMoebius,M_laplacianUndirected,0.0344532704388581
3,M_modifiedMoebius,M_normalizedLaplacianUndirected,0.03301145715878732
3,M_modifiedMoebius,M_leftNormalizedLaplacian,0.06327868890151099
3,M_modifiedMoebius,M_incidence,0.013655955324476086
3,M_modifiedMoebius,M_normalizedIncidence,0.027915191609403
3,M_shiftUndirected,M_shiftDirected,0.051074931596761235
3,M_shiftUndirected,M_laplacianDirected,0.06374191736693956
3,M_shiftUndirected,M_normalizedLaplacianDirected,0.06496578150337803
3,M_shiftUndirected,M_moebius,0.01589067654700358
3,M_shiftUndirected,M_moebiusLaplacian,0.08358497049683589
3,M_shiftUndirected,M_modifiedMoebius,0.059216835253906565
3,M_shiftUndirected,M_shiftUndirected,0.019162783434484316
3,M_shiftUndirected,M_laplacianUndirected,0.033742692610895644
3,M_shiftUndirected,M_normalizedLaplacianUndirected,0.065308636946094
3,M_shiftUndirected,M_leftNormalizedLaplacian,0.0516038355182943
3,M_shiftUndirected,M_incidence,0.031136778612771778
3,M_shiftUndirected,M_normalizedIncidence,0.04370246732556998
3,M_laplacianUndirected,M_shiftDirected,0.036125612412110944
3,M_laplacianUndirected,M_laplacianDirected,0.05182388946168539
3,M_laplacianUndirected,M_normalizedLaplacianDirected,0.05466165954319305
3,M_laplacianUndirected,M_moebius,0.01261646546410036
3,M_laplacianUndirected,M_moebiusLaplacian,0.05587293215188063
3,M_laplacianUndirected,M_modifiedMoebius,0.019750772413859273
3,M_laplacianUndirected,M_shiftUndirected,0.019910820735593866
3,M_laplacianUndirected,M_laplacianUndirected,0.02271757148315877
3,M_laplacianUndirected,M_normalizedLaplacianUndirected,0.045096688253846
3,M_laplacianUndirected,M_leftNormalizedLaplacian,0.029296328058344572
3,M_laplacianUndirected,M_incidence,0.014386400557247917
3,M_laplacianUndirected,M_normalizedIncidence,0.013582989773311334
3,M_normalizedLaplacianUndirected,M_shiftDirected,0.0340973221341425
3,M_normalizedLaplacianUndirected,M_laplacianDirected,0.05253850323149665
3,M_normalizedLaplacianUndirected,M_normalizedLaplacianDirected,0.06673183627206074
3,M_normalizedLaplacianUndirected,M_moebius,0.020533137220325553
3,M_normalizedLaplacianUndirected,M_moebiusLaplacian,0.05469749607495707
3,M_normalizedLaplacianUndirected,M_modifiedMoebius,0.0314886270084819
3,M_normalizedLaplacianUndirected,M_shiftUndirected,0.016785973943198543
3,M_normalizedLaplacianUndirected,M_laplacianUndirected,0.03297391940409366
3,M_normalizedLaplacianUndirected,M_normalizedLaplacianUndirected,0.030153883454168827
3,M_normalizedLaplacianUndirected,M_leftNormalizedLaplacian,0.03685201059870362
3,M_normalizedLaplacianUndirected,M_incidence,0.018406660939928973
3,M_normalizedLaplacianUndirected,M_normalizedIncidence,0.0343884544282947
3,M_leftNormalizedLaplacian,M_shiftDirected,0.03575832934072249
3,M_leftNormalizedLaplacian,M_laplacianDirected,0.0538782259412318
3,M_leftNormalizedLaplacian,M_normalizedLaplacianDirected,0.05581374554453969
3,M_leftNormalizedLaplacian,M_moebius,0.02879250501106
3,M_leftNormalizedLaplacian,M_moebiusLaplacian,0.05493918003476927
3,M_leftNormalizedLaplacian,M_modifiedMoebius,0.016500550428418012
3,M_leftNormalizedLaplacian,M_shiftUndirected,0.022174044038218654
3,M_leftNormalizedLaplacian,M_laplacianUndirected,0.02363934096668733
3,M_leftNormalizedLaplacian,M_normalizedLaplacianUndirected,0.027671209934775034
3,M_leftNormalizedLaplacian,M_leftNormalizedLaplacian,0.034545014959368944
3,M_leftNormalizedLaplacian,M_incidence,0.014129765797138032
3,M_leftNormalizedLaplacian,M_normalizedIncidence,0.0262757622339145
3,M_incidence,M_shiftDirected,0.041465341783871
3,M_incidence,M_laplacianDirected,0.05372266617496061
3,M_incidence,M_normalizedLaplacianDirected,0.05419356606343825
3,M_incidence,M_moebius,0.024883435398187256
3,M_incidence,M_moebiusLaplacian,0.07719186173073043
3,M_incidence,M_modifiedMoebius,0.026578458734972953
3,M_incidence,M_shiftUndirected,0.0537500117926678
3,M_incidence,M_laplacianUndirected,0.01988492604309297
3,M_incidence,M_normalizedLaplacianUndirected,0.032436065218884605
3,M_incidence,M_leftNormalizedLaplacian,0.031065505876198517
3,M_incidence,M_incidence,0.012009203382720485
3,M_incidence,M_normalizedIncidence,0.022132363373694043
3,M_normalizedIncidence,M_shiftDirected,0.042549521804598936
3,M_normalizedIncidence,M_laplacianDirected,0.06122196633783574
3,M_normalizedIncidence,M_normalizedLaplacianDirected,0.06153353387165321
3,M_normalizedIncidence,M_moebius,0.035981279921763
3,M_normalizedIncidence,M_moebiusLaplacian,0.06727157884954296
3,M_normalizedIncidence,M_modifiedMoebius,0.04667189359668455
3,M_normalizedIncidence,M_shiftUndirected,0.02839044684174808
3,M_normalizedIncidence,M_laplacianUndirected,0.0231722118733178
3,M_normalizedIncidence,M_normalizedLaplacianUndirected,0.03817199663210029
3,M_normalizedIncidence,M_leftNormalizedLaplacian,0.047089365401299446
3,M_normalizedIncidence,M_incidence,0.01593858899345967
3,M_normalizedIncidence,M_normalizedIncidence,0.020978525728326203
6,M_shiftDirected,M_shiftDirected,0.04849798534371868
6,M_shiftDirected,M_laplacianDirected,0.07566419068025751
6,M_shiftDirected,M_normalizedLaplacianDirected,0.09435196152646888
6,M_shiftDirected,M_moebius,0.04532053586615102
6,M_shiftDirected,M_moebiusLaplacian,0.08363425629940859
6,M_shiftDirected,M_modifiedMoebius,0.0366651897859576
6,M_shiftDirected,M_shiftUndirected,0.02947324070338417
6,M_shiftDirected,M_laplacianUndirected,0.04853933584579988
6,M_shiftDirected,M_normalizedLaplacianUndirected,0.05204590313489779
6,M_shiftDirected,M_leftNormalizedLaplacian,0.052410105898446795
6,M_shiftDirected,M_incidence,0.02990346458076526
6,M_shiftDirected,M_normalizedIncidence,0.03858611993049823
6,M_laplacianDirected,M_shiftDirected,0.0845666759610288
6,M_laplacianDirected,M_laplacianDirected,0.06342070965637228
6,M_laplacianDirected,M_normalizedLaplacianDirected,0.07801182096019832
6,M_laplacianDirected,M_moebius,0.07378442770769132
6,M_laplacianDirected,M_moebiusLaplacian,0.07654394212295318
6,M_laplacianDirected,M_modifiedMoebius,0.030753720874851814
6,M_laplacianDirected,M_shiftUndirected,0.02751703007884072
6,M_laplacianDirected,M_laplacianUndirected,0.04160060730200663
6,M_laplacianDirected,M_normalizedLaplacianUndirected,0.05276634018257633
6,M_laplacianDirected,M_leftNormalizedLaplacian,0.041639197154125084
6,M_laplacianDirected,M_incidence,0.025392198886978447
6,M_laplacianDirected,M_normalizedIncidence,0.04162829957918632
6,M_normalizedLaplacianDirected,M_shiftDirected,0.044717015388730234
6,M_normalizedLaplacianDirected,M_laplacianDirected,0.07153455777249297
6,M_normalizedLaplacianDirected,M_normalizedLaplacianDirected,0.06719522165465906
6,M_normalizedLaplacianDirected,M_moebius,0.04526365024380756
6,M_normalizedLaplacianDirected,M_moebiusLaplacian,0.08138766745866823
6,M_normalizedLaplacianDirected,M_modifiedMoebius,0.04832236033611104
6,M_normalizedLaplacianDirected,M_shiftUndirected,0.02987789279431856
6,M_normalizedLaplacianDirected,M_laplacianUndirected,0.04175332508985506
6,M_normalizedLaplacianDirected,M_normalizedLaplacianUndirected,0.04594304160204372
6,M_normalizedLaplacianDirected,M_leftNormalizedLaplacian,0.05654235399169441
6,M_normalizedLaplacianDirected,M_incidence,0.027053604830299356
6,M_normalizedLaplacianDirected,M_normalizedIncidence,0.03603023439337334
6,M_moebius,M_shiftDirected,0.0633206099657088
6,M_moebius,M_laplacianDirected,0.06259546112955396
6,M_moebius,M_normalizedLaplacianDirected,0.08258614159547614
6,M_moebius,M_moebius,0.037550219233696905
6,M_moebius,M_moebiusLaplacian,0.062915548827237
6,M_moebius,M_modifiedMoebius,0.023410011113794295
6,M_moebius,M_shiftUndirected,0.028705760495960332
6,M_moebius,M_laplacianUndirected,0.03536403529937137
6,M_moebius,M_normalizedLaplacianUndirected,0.054211213205924896
6,M_moebius,M_leftNormalizedLaplacian,0.06642266301870999
6,M_moebius,M_incidence,0.02370200277700478
6,M_moebius,M_normalizedIncidence,0.025643926158082947
6,M_moebiusLaplacian,M_shiftDirected,0.0549054486513209
6,M_moebiusLaplacian,M_laplacianDirected,0.0662750120671472
6,M_moebiusLaplacian,M_normalizedLaplacianDirected,0.07265984402602482
6,M_moebiusLaplacian,M_moebius,0.03738223308336553
6,M_moebiusLaplacian,M_moebiusLaplacian,0.0762709964659896
6,M_moebiusLaplacian,M_modifiedMoebius,0.042291569019226004
6,M_moebiusLaplacian,M_shiftUndirected,0.028964481608145562
6,M_moebiusLaplacian,M_laplacianUndirected,0.03616768148028832
6,M_moebiusLaplacian,M_normalizedLaplacianUndirected,0.04049387834763336
6,M_moebiusLaplacian,M_leftNormalizedLaplacian,0.04465096196502044
6,M_moebiusLaplacian,M_incidence,0.026752659928443195
6,M_moebiusLaplacian,M_normalizedIncidence,0.04554465593972462
6,M_modifiedMoebius,M_shiftDirected,0.06652786601311726
6,M_modifiedMoebius,M_laplacianDirected,0.06524377224450337
6,M_modifiedMoebius,M_normalizedLaplacianDirected,0.06992687688960283
6,M_modifiedMoebius,M_moebius,0.038849492651869266
6,M_modifiedMoebius,M_moebiusLaplacian,0.06815406956194044
6,M_modifiedMoebius,M_modifiedMoebius,0.053431005636277555
6,M_modifiedMoebius,M_shiftUndirected,0.0573646406659577
6,M_modifiedMoebius,M_laplacianUndirected,0.03565480138617297
6,M_modifiedMoebius,M_normalizedLaplacianUndirected,0.047058982946475425
6,M_modifiedMoebius,M_leftNormalizedLaplacian,0.0846416475533632
6,M_modifiedMoebius,M_incidence,0.02889604094712723
6,M_modifiedMoebius,M_normalizedIncidence,0.029046110112650174
6,M_shiftUndirected,M_shiftDirected,0.0829298951894076
6,M_shiftUndirected,M_laplacianDirected,0.08830449444942101
6,M_shiftUndirected,M_normalizedLaplacianDirected,0.08136816403840018
6,M_shiftUndirected,M_moebius,0.06092317811771356
6,M_shiftUndirected,M_moebiusLaplacian,0.08918752172104592
6,M_shiftUndirected,M_modifiedMoebius,0.052282502535599025
6,M_shiftUndirected,M_shiftUndirected,0.03292131100187423
6,M_shiftUndirected,M_laplacianUndirected,0.05892382878905068
6,M_shiftUndirected,M_normalizedLaplacianUndirected,0.06335201674076266
6,M_shiftUndirected,M_leftNormalizedLaplacian,0.06511190246670713
6,M_shiftUndirected,M_incidence,0.036780450354076
6,M_shiftUndirected,M_normalizedIncidence,0.050362935179654116
6,M_laplacianUndirected,M_shiftDirected,0.05421855463995073
6,M_laplacianUndirected,M_laplacianDirected,0.066961898630332
6,M_laplacianUndirected,M_normalizedLaplacianDirected,0.07059689401253794
6,M_laplacianUndirected,M_moebius,0.03845739656600685
6,M_laplacianUndirected,M_moebiusLaplacian,0.06739630348354583
6,M_laplacianUndirected,M_modifiedMoebius,0.030237500969883552
6,M_laplacianUndirected,M_shiftUndirected,0.04426839360362714
6,M_laplacianUndirected,M_laplacianUndirected,0.03908160348617336
6,M_laplacianUndirected,M_normalizedLaplacianUndirected,0.05299675024932824
6,M_laplacianUndirected,M_leftNormalizedLaplacian,0.04694222396298818
6,M_laplacianUndirected,M_incidence,0.025530000207123277
6,M_laplacianUndirected,M_normalizedIncidence,0.02727141780760826
6,M_normalizedLaplacianUndirected,M_shiftDirected,0.05596973061910186
6,M_normalizedLaplacianUndirected,M_laplacianDirected,0.06766361293069693
6,M_normalizedLaplacianUndirected,M_normalizedLaplacianDirected,0.0787450403486771
6,M_normalizedLaplacianUndirected,M_moebius,0.050170691045590646
6,M_normalizedLaplacianUndirected,M_moebiusLaplacian,0.0680717714070594
6,M_normalizedLaplacianUndirected,M_modifiedMoebius,0.038260961835568284
6,M_normalizedLaplacianUndirected,M_shiftUndirected,0.029011347935404063
6,M_normalizedLaplacianUndirected,M_laplacianUndirected,0.03239358864984606
6,M_normalizedLaplacianUndirected,M_normalizedLaplacianUndirected,0.05819161465041793
6,M_normalizedLaplacianUndirected,M_leftNormalizedLaplacian,0.06746893985650441
6,M_normalizedLaplacianUndirected,M_incidence,0.027561338041741712
6,M_normalizedLaplacianUndirected,M_normalizedIncidence,0.04755633590896685
6,M_leftNormalizedLaplacian,M_shiftDirected,0.056864944610373544
6,M_leftNormalizedLaplacian,M_laplacianDirected,0.065587806415953
6,M_leftNormalizedLaplacian,M_normalizedLaplacianDirected,0.07540992813483484
6,M_leftNormalizedLaplacian,M_moebius,0.034832217249623994
6,M_leftNormalizedLaplacian,M_moebiusLaplacian,0.06634535155411404
6,M_leftNormalizedLaplacian,M_modifiedMoebius,0.027252798672137434
6,M_leftNormalizedLaplacian,M_shiftUndirected,0.0365624063732457
6,M_leftNormalizedLaplacian,M_laplacianUndirected,0.029765717922111773
6,M_leftNormalizedLaplacian,M_normalizedLaplacianUndirected,0.05539703260432015
6,M_leftNormalizedLaplacian,M_leftNormalizedLaplacian,0.03836496552266157
6,M_leftNormalizedLaplacian,M_incidence,0.024766170760285464
6,M_leftNormalizedLaplacian,M_normalizedIncidence,0.030187927831745613
6,M_incidence,M_shiftDirected,0.06761681077334984
6,M_incidence,M_laplacianDirected,0.06622001678914403
6,M_incidence,M_normalizedLaplacianDirected,0.06837548848593102
6,M_incidence,M_moebius,0.028365118662496813
6,M_incidence,M_moebiusLaplacian,0.07406793494455995
6,M_incidence,M_modifiedMoebius,0.033358437308119264
6,M_incidence,M_shiftUndirected,0.03944049043586932
6,M_incidence,M_laplacianUndirected,0.033331743428152094
6,M_incidence,M_normalizedLaplacianUndirected,0.04245759763612413
6,M_incidence,M_leftNormalizedLaplacian,0.047681295160963665
6,M_incidence,M_incidence,0.03029043170678743
6,M_incidence,M_normalizedIncidence,0.034053126599140573
6,M_normalizedIncidence,M_shiftDirected,0.05440911389004771
6,M_normalizedIncidence,M_laplacianDirected,0.08393002420435015
6,M_normalizedIncidence,M_normalizedLaplacianDirected,0.08454238293298345
6,M_normalizedIncidence,M_moebius,0.05231398316425542
6,M_normalizedIncidence,M_moebiusLaplacian,0.07882162918245261
6,M_normalizedIncidence,M_modifiedMoebius,0.043425527295317706
6,M_normalizedIncidence,M_shiftUndirected,0.028747706687850934
6,M_normalizedIncidence,M_laplacianUndirected,0.043759282037180415
6,M_normalizedIncidence,M_normalizedLaplacianUndirected,0.08403591423425968
6,M_normalizedIncidence,M_leftNormalizedLaplacian,0.04955246184611059
6,M_normalizedIncidence,M_incidence,0.04255316712561795
6,M_normalizedIncidence,M_normalizedIncidence,0.06301690490778712
10,M_shiftDirected,M_shiftDirected,0.0618615666990021
10,M_shiftDirected,M_laplacianDirected,0.108478689431991
10,M_shiftDirected,M_normalizedLaplacianDirected,0.09229212623951441
10,M_shiftDirected,M_moebius,0.061304968344547885
10,M_shiftDirected,M_moebiusLaplacian,0.11089881426594854
10,M_shiftDirected,M_modifiedMoebius,0.062211146436818486
10,M_shiftDirected,M_shiftUndirected,0.048007960384550186
10,M_shiftDirected,M_laplacianUndirected,0.07597333277051009
10,M_shiftDirected,M_normalizedLaplacianUndirected,0.0625761130409303
10,M_shiftDirected,M_leftNormalizedLaplacian,0.08780600974796908
10,M_shiftDirected,M_incidence,0.05010396967109621
10,M_shiftDirected,M_normalizedIncidence,0.058527479942047086
10,M_laplacianDirected,M_shiftDirected,0.096335902780267
10,M_laplacianDirected,M_laplacianDirected,0.08285532691157528
10,M_laplacianDirected,M_normalizedLaplacianDirected,0.08985242441505709
10,M_laplacianDirected,M_moebius,0.06830600328470321
10,M_laplacianDirected,M_moebiusLaplacian,0.09219875897587977
10,M_laplacianDirected,M_modifiedMoebius,0.07165930933348165
10,M_laplacianDirected,M_shiftUndirected,0.06467683661320903
10,M_laplacianDirected,M_laplacianUndirected,0.0488309098869856
10,M_laplacianDirected,M_normalizedLaplacianUndirected,0.07511192740805075
10,M_laplacianDirected,M_leftNormalizedLaplacian,0.06930935646735886
10,M_laplacianDirected,M_incidence,0.04299787455853489
10,M_laplacianDirected,M_normalizedIncidence,0.0472427505362465
10,M_normalizedLaplacianDirected,M_shiftDirected,0.06115387173868042
10,M_normalizedLaplacianDirected,M_laplacianDirected,0.08559914421681497
10,M_normalizedLaplacianDirected,M_normalizedLaplacianDirected,0.08180616049414689
10,M_normalizedLaplacianDirected,M_moebius,0.05882819968461663
10,M_normalizedLaplacianDirected,M_moebiusLaplacian,0.11262947340329577
10,M_normalizedLaplacianDirected,M_modifiedMoebius,0.0532067594097975
10,M_normalizedLaplacianDirected,M_shiftUndirected,0.04798082290778815
10,M_normalizedLaplacianDirected,M_laplacianUndirected,0.04955780731056799
10,M_normalizedLaplacianDirected,M_normalizedLaplacianUndirected,0.07661041765238744
10,M_normalizedLaplacianDirected,M_leftNormalizedLaplacian,0.06195240185745787
10,M_normalizedLaplacianDirected,M_incidence,0.03918138733462742
10,M_normalizedLaplacianDirected,M_normalizedIncidence,0.04691247342148978
10,M_moebius,M_shiftDirected,0.06463139521360518
10,M_moebius,M_laplacianDirected,0.08955194808760454
10,M_moebius,M_normalizedLaplacianDirected,0.08599534509589492
10,M_moebius,M_moebius,0.04740351937455425
10,M_moebius,M_moebiusLaplacian,0.09167651349590267
10,M_moebius,M_modifiedMoebius,0.04675412402116206
10,M_moebius,M_shiftUndirected,0.05382498085548101
10,M_moebius,M_laplacianUndirected,0.04965016634427101
10,M_moebius,M_normalizedLaplacianUndirected,0.08086411196499528
10,M_moebius,M_leftNormalizedLaplacian,0.06448456949267484
10,M_moebius,M_incidence,0.0574162773096341
10,M_moebius,M_normalizedIncidence,0.052086580627935614
10,M_moebiusLaplacian,M_shiftDirected,0.100005582461128
10,M_moebiusLaplacian,M_laplacianDirected,0.09027613943191513
10,M_moebiusLaplacian,M_normalizedLaplacianDirected,0.08940479783224561
10,M_moebiusLaplacian,M_moebius,0.05411625470687287
10,M_moebiusLaplacian,M_moebiusLaplacian,0.09855194512662302
10,M_moebiusLaplacian,M_modifiedMoebius,0.04952072291278585
10,M_moebiusLaplacian,M_shiftUndirected,0.04668427032774315
10,M_moebiusLaplacian,M_laplacianUndirected,0.05756370518006779
10,M_moebiusLaplacian,M_normalizedLaplacianUndirected,0.0905686591827378
10,M_moebiusLaplacian,M_leftNormalizedLaplacian,0.06657306516427687
10,M_moebiusLaplacian,M_incidence,0.04822247268824751
10,M_moebiusLaplacian,M_normalizedIncidence,0.055833402407331915
10,M_modifiedMoebius,M_shiftDirected,0.10250760147785075
10,M_modifiedMoebius,M_laplacianDirected,0.08648972709365678
10,M_modifiedMoebius,M_normalizedLaplacianDirected,0.07661115005558447
10,M_modifiedMoebius,M_moebius,0.04681501992396656
10,M_modifiedMoebius,M_moebiusLaplacian,0.08735151370501616
10,M_modifiedMoebius,M_modifiedMoebius,0.0680607778839699
10,M_modifiedMoebius,M_shiftUndirected,0.04737995349202366
10,M_modifiedMoebius,M_laplacianUndirected,0.05865045941295153
10,M_modifiedMoebius,M_normalizedLaplacianUndirected,0.066860648339106
10,M_modifiedMoebius,M_leftNormalizedLaplacian,0.062555287573294
10,M_modifiedMoebius,M_incidence,0.043420687089104404
10,M_modifiedMoebius,M_normalizedIncidence,0.04556491776990512
10,M_shiftUndirected,M_shiftDirected,0.09096737959097473
10,M_shiftUndirected,M_laplacianDirected,0.11009012674166328
10,M_shiftUndirected,M_normalizedLaplacianDirected,0.1119603358749019
10,M_shiftUndirected,M_moebius,0.06857600953709816
10,M_shiftUndirected,M_moebiusLaplacian,0.10073911398931898
10,M_shiftUndirected,M_modifiedMoebius,0.06976210904427467
10,M_shiftUndirected,M_shiftUndirected,0.04561743799858901
10,M_shiftUndirected,M_laplacianUndirected,0.08385282538909318
10,M_shiftUndirected,M_normalizedLaplacianUndirected,0.10069883909626548
10,M_shiftUndirected,M_leftNormalizedLaplacian,0.09599008741891124
10,M_shiftUndirected,M_incidence,0.047583628967084804
10,M_shiftUndirected,M_normalizedIncidence,0.069766497115861
10,M_laplacianUndirected,M_shiftDirected,0.07326947550423558
10,M_laplacianUndirected,M_laplacianDirected,0.08010678384652602
10,M_laplacianUndirected,M_normalizedLaplacianDirected,0.1025393466676687
10,M_laplacianUndirected,M_moebius,0.04065740285253924
10,M_laplacianUndirected,M_moebiusLaplacian,0.08676290944623721
10,M_laplacianUndirected,M_modifiedMoebius,0.042854737136136904
10,M_laplacianUndirected,M_shiftUndirected,0.04023807626129778
10,M_laplacianUndirected,M_laplacianUndirected,0.048206569102046896
10,M_laplacianUndirected,M_normalizedLaplacianUndirected,0.08092050079731568
10,M_laplacianUndirected,M_leftNormalizedLaplacian,0.06371123992232958
10,M_laplacianUndirected,M_incidence,0.038073649556768896
10,M_laplacianUndirected,M_normalizedIncidence,0.03938830346660413
10,M_normalizedLaplacianUndirected,M_shiftDirected,0.0535846113233767
10,M_normalizedLaplacianUndirected,M_laplacianDirected,0.08509421975679005
10,M_normalizedLaplacianUndirected,M_normalizedLaplacianDirected,0.08568708949070122
10,M_normalizedLaplacianUndirected,M_moebius,0.05223599092242
10,M_normalizedLaplacianUndirected,M_moebiusLaplacian,0.08971646189991024
10,M_normalizedLaplacianUndirected,M_modifiedMoebius,0.04497130270665489
10,M_normalizedLaplacianUndirected,M_shiftUndirected,0.04612852920127612
10,M_normalizedLaplacianUndirected,M_laplacianUndirected,0.046738032754311216
10,M_normalizedLaplacianUndirected,M_normalizedLaplacianUndirected,0.08242489606541799
10,M_normalizedLaplacianUndirected,M_leftNormalizedLaplacian,0.05554650650286534
10,M_normalizedLaplacianUndirected,M_incidence,0.050409555143170325
10,M_normalizedLaplacianUndirected,M_normalizedIncidence,0.05570816320625148
10,M_leftNormalizedLaplacian,M_shiftDirected,0.08054547996349366
10,M_leftNormalizedLaplacian,M_laplacianDirected,0.0884311959012656
10,M_leftNormalizedLaplacian,M_normalizedLaplacianDirected,0.08583703205918666
10,M_leftNormalizedLaplacian,M_moebius,0.06455980779301865
10,M_leftNormalizedLaplacian,M_moebiusLaplacian,0.0889294754769088
10,M_leftNormalizedLaplacian,M_modifiedMoebius,0.050847349990097615
10,M_leftNormalizedLaplacian,M_shiftUndirected,0.038812702564315106
10,M_leftNormalizedLaplacian,M_laplacianUndirected,0.0485769070078121
10,M_leftNormalizedLaplacian,M_normalizedLaplacianUndirected,0.06343623627222683
10,M_leftNormalizedLaplacian,M_leftNormalizedLaplacian,0.06466616805516238
10,M_leftNormalizedLaplacian,M_incidence,0.04657019563177303
10,M_leftNormalizedLaplacian,M_normalizedIncidence,0.048538637655904576
10,M_incidence,M_shiftDirected,0.06038654650134066
10,M_incidence,M_laplacianDirected,0.08299669119929191
10,M_incidence,M_normalizedLaplacianDirected,0.09312898892470434
10,M_incidence,M_moebius,0.054749481787277746
10,M_incidence,M_moebiusLaplacian,0.07225566736769167
10,M_incidence,M_modifiedMoebius,0.08835177394286132
10,M_incidence,M_shiftUndirected,0.049025469105141925
10,M_incidence,M_laplacianUndirected,0.045142853409629057
10,M_incidence,M_normalizedLaplacianUndirected,0.06549563468980901
10,M_incidence,M_leftNormalizedLaplacian,0.056041209101642016
10,M_incidence,M_incidence,0.05004732806428
10,M_incidence,M_normalizedIncidence,0.05164208834227366
10,M_normalizedIncidence,M_shiftDirected,0.0817596064185765
10,M_normalizedIncidence,M_laplacianDirected,0.12618193473719647
10,M_normalizedIncidence,M_normalizedLaplacianDirected,0.12757992273619498
10,M_normalizedIncidence,M_moebius,0.04185386783039559
10,M_normalizedIncidence,M_moebiusLaplacian,0.12912905118882684
10,M_normalizedIncidence,M_modifiedMoebius,0.05514322808473013
10,M_normalizedIncidence,M_shiftUndirected,0.042793639958501856
10,M_normalizedIncidence,M_laplacianUndirected,0.066982510690254
10,M_normalizedIncidence,M_normalizedLaplacianUndirected,0.1319068795288268
10,M_normalizedIncidence,M_leftNormalizedLaplacian,0.0797971544284114
10,M_normalizedIncidence,M_incidence,0.06052994225565706
10,M_normalizedIncidence,M_normalizedIncidence,0.06374521742398788
13,M_shiftDirected,M_shiftDirected,0.07472476831250613
13,M_shiftDirected,M_laplacianDirected,0.12957569301680372
13,M_shiftDirected,M_normalizedLaplacianDirected,0.1062977523771838
13,M_shiftDirected,M_moebius,0.07243393042399228
13,M_shiftDirected,M_moebiusLaplacian,0.12239923453161247
13,M_shiftDirected,M_modifiedMoebius,0.08907515623350415
13,M_shiftDirected,M_shiftUndirected,0.0778839193348818
13,M_shiftDirected,M_laplacianUndirected,0.0724716248788071
13,M_shiftDirected,M_normalizedLaplacianUndirected,0.078806539116696
13,M_shiftDirected,M_leftNormalizedLaplacian,0.09035471843907993
13,M_shiftDirected,M_incidence,0.06753437884321428
13,M_shiftDirected,M_normalizedIncidence,0.07170147974954645
13,M_laplacianDirected,M_shiftDirected,0.1089426339671868
13,M_laplacianDirected,M_laplacianDirected,0.09815235243883587
13,M_laplacianDirected,M_normalizedLaplacianDirected,0.11291556611179818
13,M_laplacianDirected,M_moebius,0.0714975368582905
13,M_laplacianDirected,M_moebiusLaplacian,0.11326252415388598
13,M_laplacianDirected,M_modifiedMoebius,0.07313761847043236
13,M_laplacianDirected,M_shiftUndirected,0.06017354476535775
13,M_laplacianDirected,M_laplacianUndirected,0.06394736033694318
13,M_laplacianDirected,M_normalizedLaplacianUndirected,0.07504792315666224
13,M_laplacianDirected,M_leftNormalizedLaplacian,0.12767035743147584
13,M_laplacianDirected,M_incidence,0.05768141242534377
13,M_laplacianDirected,M_normalizedIncidence,0.08323586683169447
13,M_normalizedLaplacianDirected,M_shiftDirected,0.07512281264139918
13,M_normalizedLaplacianDirected,M_laplacianDirected,0.10838528499795648
13,M_normalizedLaplacianDirected,M_normalizedLaplacianDirected,0.09880248397051915
13,M_normalizedLaplacianDirected,M_moebius,0.06110495189567989
13,M_normalizedLaplacianDirected,M_moebiusLaplacian,0.11269822954712601
13,M_normalizedLaplacianDirected,M_modifiedMoebius,0.06474330791016437
13,M_normalizedLaplacianDirected,M_shiftUndirected,0.0870898123761313
13,M_normalizedLaplacianDirected,M_laplacianUndirected,0.0686443141574465
13,M_normalizedLaplacianDirected,M_normalizedLaplacianUndirected,0.0821380523918108
13,M_normalizedLaplacianDirected,M_leftNormalizedLaplacian,0.09280420210244213
13,M_normalizedLaplacianDirected,M_incidence,0.057569976877423545
13,M_normalizedLaplacianDirected,M_normalizedIncidence,0.06429330517050648
13,M_moebius,M_shiftDirected,0.07968101422394184
13,M_moebius,M_laplacianDirected,0.09439399954639195
13,M_moebius,M_normalizedLaplacianDirected,0.09530056747350782
13,M_moebius,M_moebius,0.055198602478245165
13,M_moebius,M_moebiusLaplacian,0.0933472808594537
13,M_moebius,M_modifiedMoebius,0.05273715229064907
13,M_moebius,M_shiftUndirected,0.06687363063295143
13,M_moebius,M_laplacianUndirected,0.05926590134071972
13,M_moebius,M_normalizedLaplacianUndirected,0.10225261827278337
13,M_moebius,M_leftNormalizedLaplacian,0.08135603017635398
13,M_moebius,M_incidence,0.05924682383548795
13,M_moebius,M_normalizedIncidence,0.05821993449023457
13,M_moebiusLaplacian,M_shiftDirected,0.10425148575637096
13,M_moebiusLaplacian,M_laplacianDirected,0.09434418979662053
13,M_moebiusLaplacian,M_normalizedLaplacianDirected,0.11318477016263957
13,M_moebiusLaplacian,M_moebius,0.08205695087647293
13,M_moebiusLaplacian,M_moebiusLaplacian,0.09464163969548964
13,M_moebiusLaplacian,M_modifiedMoebius,0.06574911969737252
13,M_moebiusLaplacian,M_shiftUndirected,0.05460872579355588
13,M_moebiusLaplacian,M_laplacianUndirected,0.05847104086485889
13,M_moebiusLaplacian,M_normalizedLaplacianUndirected,0.1160614533247911
13,M_moebiusLaplacian,M_leftNormalizedLaplacian,0.07990569532426367
13,M_moebiusLaplacian,M_incidence,0.057248171040747545
13,M_moebiusLaplacian,M_normalizedIncidence,0.05985056236553307
13,M_modifiedMoebius,M_shiftDirected,0.0699498544259915
13,M_modifiedMoebius,M_laplacianDirected,0.09298857767090059
13,M_modifiedMoebius,M_normalizedLaplacianDirected,0.09424621170490273
13,M_modifiedMoebius,M_moebius,0.06577828813081953
13,M_modifiedMoebius,M_moebiusLaplacian,0.09275129652958379
13,M_modifiedMoebius,M_modifiedMoebius,0.06729019965769034
13,M_modifiedMoebius,M_shiftUndirected,0.06177067130103635
13,M_modifiedMoebius,M_laplacianUndirected,0.057765806421228305
13,M_modifiedMoebius,M_normalizedLaplacianUndirected,0.06681353424057784
13,M_modifiedMoebius,M_leftNormalizedLaplacian,0.0692091486579996
13,M_modifiedMoebius,M_incidence,0.05134929949398873
13,M_modifiedMoebius,M_normalizedIncidence,0.05515465435166646
13,M_shiftUndirected,M_shiftDirected,0.09626526630069425
13,M_shiftUndirected,M_laplacianDirected,0.12315547227308538
13,M_shiftUndirected,M_normalizedLaplacianDirected,0.1404311271594525
13,M_shiftUndirected,M_moebius,0.07032463572084151
13,M_shiftUndirected,M_moebiusLaplacian,0.1287756191859383
13,M_shiftUndirected,M_modifiedMoebius,0.06460742806903494
13,M_shiftUndirected,M_shiftUndirected,0.05605186163762373
13,M_shiftUndirected,M_laplacianUndirected,0.08154807734676996
13,M_shiftUndirected,M_normalizedLaplacianUndirected,0.10476898961455211
13,M_shiftUndirected,M_leftNormalizedLaplacian,0.09794927026067646
13,M_shiftUndirected,M_incidence,0.055366181437917605
13,M_shiftUndirected,M_normalizedIncidence,0.06998555778400646
13,M_laplacianUndirected,M_shiftDirected,0.0829310483003717
13,M_laplacianUndirected,M_laplacianDirected,0.0949885413770642
13,M_laplacianUndirected,M_normalizedLaplacianDirected,0.10374285053272903
13,M_laplacianUndirected,M_moebius,0.07516765813518435
13,M_laplacianUndirected,M_moebiusLaplacian,0.10064192408174298
13,M_laplacianUndirected,M_modifiedMoebius,0.09396588325806332
13,M_laplacianUndirected,M_shiftUndirected,0.06170910083934795
13,M_laplacianUndirected,M_laplacianUndirected,0.06479955904141654
13,M_laplacianUndirected,M_normalizedLaplacianUndirected,0.08212940428884669
13,M_laplacianUndirected,M_leftNormalizedLaplacian,0.0860143864235399
13,M_laplacianUndirected,M_incidence,0.055716666368883436
13,M_laplacianUndirected,M_normalizedIncidence,0.0599809960166712
13,M_normalizedLaplacianUndirected,M_shiftDirected,0.08584013835858
13,M_normalizedLaplacianUndirected,M_laplacianDirected,0.09266613218926834
13,M_normalizedLaplacianUndirected,M_normalizedLaplacianDirected,0.11762449743083159
13,M_normalizedLaplacianUndirected,M_moebius,0.0618058996071861
13,M_normalizedLaplacianUndirected,M_moebiusLaplacian,0.09365213569232823
13,M_normalizedLaplacianUndirected,M_modifiedMoebius,0.056690529756882255
13,M_normalizedLaplacianUndirected,M_shiftUndirected,0.06699143167394972
13,M_normalizedLaplacianUndirected,M_laplacianUndirected,0.05682458246707772
13,M_normalizedLaplacianUndirected,M_normalizedLaplacianUndirected,0.0890577908022592
13,M_normalizedLaplacianUndirected,M_leftNormalizedLaplacian,0.10183550927550454
13,M_normalizedLaplacianUndirected,M_incidence,0.06671914383939036
13,M_normalizedLaplacianUndirected,M_normalizedIncidence,0.06284145907584702
13,M_leftNormalizedLaplacian,M_shiftDirected,0.077433184093599
13,M_leftNormalizedLaplacian,M_laplacianDirected,0.10055538228572505
13,M_leftNormalizedLaplacian,M_normalizedLaplacianDirected,0.0962020485448741
13,M_leftNormalizedLaplacian,M_moebius,0.057926726738872655
13,M_leftNormalizedLaplacian,M_moebiusLaplacian,0.1009997297724681
13,M_leftNormalizedLaplacian,M_modifiedMoebius,0.06259688067610585
13,M_leftNormalizedLaplacian,M_shiftUndirected,0.0514819845567994
13,M_leftNormalizedLaplacian,M_laplacianUndirected,0.0571337308104579
13,M_leftNormalizedLaplacian,M_normalizedLaplacianUndirected,0.0655176829477295
13,M_leftNormalizedLaplacian,M_leftNormalizedLaplacian,0.06994737504971806
13,M_leftNormalizedLaplacian,M_incidence,0.05763393323943119
13,M_leftNormalizedLaplacian,M_normalizedIncidence,0.059110228577071766
13,M_incidence,M_shiftDirected,0.0792395224053046
13,M_incidence,M_laplacianDirected,0.09816532730776169
13,M_incidence,M_normalizedLaplacianDirected,0.10476943616029513
13,M_incidence,M_moebius,0.07038258366393932
13,M_incidence,M_moebiusLaplacian,0.10150099843790503
13,M_incidence,M_modifiedMoebius,0.09463663940931531
13,M_incidence,M_shiftUndirected,0.060422033559577995
13,M_incidence,M_laplacianUndirected,0.06624647751981422
13,M_incidence,M_normalizedLaplacianUndirected,0.08139633349109408
13,M_incidence,M_leftNormalizedLaplacian,0.08975343350577299
13,M_incidence,M_incidence,0.0594149003548189
13,M_incidence,M_normalizedIncidence,0.06011641878075335
13,M_normalizedIncidence,M_shiftDirected,0.08953429246841188
13,M_normalizedIncidence,M_laplacianDirected,0.12619352695911906
13,M_normalizedIncidence,M_normalizedLaplacianDirected,0.12946437175801634
13,M_normalizedIncidence,M_moebius,0.05013668713516181
13,M_normalizedIncidence,M_moebiusLaplacian,0.13365063592411597
13,M_normalizedIncidence,M_modifiedMoebius,0.08100096432078212
13,M_normalizedIncidence,M_shiftUndirected,0.05236837691104383
13,M_normalizedIncidence,M_laplacianUndirected,0.12050021038558424
13,M_normalizedIncidence,M_normalizedLaplacianUndirected,0.13402631552571564
13,M_normalizedIncidence,M_leftNormalizedLaplacian,0.10718765025131201
13,M_normalizedIncidence,M_incidence,0.061884947684194
13,M_normalizedIncidence,M_normalizedIncidence,0.10440912240301134
16,M_shiftDirected,M_shiftDirected,0.07916721271893969
16,M_shiftDirected,M_laplacianDirected,0.11843338095122187
16,M_shiftDirected,M_normalizedLaplacianDirected,0.12881742188471113
16,M_shiftDirected,M_moebius,0.07103723045518777
16,M_shiftDirected,M_moebiusLaplacian,0.1253462235030894
16,M_shiftDirected,M_modifiedMoebius,0.07955798487622999
16,M_shiftDirected,M_shiftUndirected,0.065800992524777
16,M_shiftDirected,M_laplacianUndirected,0.07690243741742218
16,M_shiftDirected,M_normalizedLaplacianUndirected,0.118189591203944
16,M_shiftDirected,M_leftNormalizedLaplacian,0.125530431739104
16,M_shiftDirected,M_incidence,0.06544427275365865
16,M_shiftDirected,M_normalizedIncidence,0.0976364093541804
16,M_laplacianDirected,M_shiftDirected,0.11073374950809607
16,M_laplacianDirected,M_laplacianDirected,0.10099430637549764
16,M_laplacianDirected,M_normalizedLaplacianDirected,0.11560841937432391
16,M_laplacianDirected,M_moebius,0.08611587307317975
16,M_laplacianDirected,M_moebiusLaplacian,0.14787533197139838
16,M_laplacianDirected,M_modifiedMoebius,0.09771807386189221
16,M_laplacianDirected,M_shiftUndirected,0.06816716849976107
16,M_laplacianDirected,M_laplacianUndirected,0.07280711732203624
16,M_laplacianDirected,M_normalizedLaplacianUndirected,0.10958913379246606
16,M_laplacianDirected,M_leftNormalizedLaplacian,0.13722948181759656
16,M_laplacianDirected,M_incidence,0.06747179675306089
16,M_laplacianDirected,M_normalizedIncidence,0.0829131928352431
16,M_normalizedLaplacianDirected,M_shiftDirected,0.08819208002974468
16,M_normalizedLaplacianDirected,M_laplacianDirected,0.11868674419082119
16,M_normalizedLaplacianDirected,M_normalizedLaplacianDirected,0.10574831090664392
16,M_normalizedLaplacianDirected,M_moebius,0.08129943763583611
16,M_normalizedLaplacianDirected,M_moebiusLaplacian,0.1267519993082873
16,M_normalizedLaplacianDirected,M_modifiedMoebius,0.08332806121921793
16,M_normalizedLaplacianDirected,M_shiftUndirected,0.08069857418720306
16,M_normalizedLaplacianDirected,M_laplacianUndirected,0.08424087068537994
16,M_normalizedLaplacianDirected,M_normalizedLaplacianUndirected,0.11504107450088517
16,M_normalizedLaplacianDirected,M_leftNormalizedLaplacian,0.12542150684851935
16,M_normalizedLaplacianDirected,M_incidence,0.07304508339845749
16,M_normalizedLaplacianDirected,M_normalizedIncidence,0.08833668881244096
16,M_moebius,M_shiftDirected,0.08971775805519798
16,M_moebius,M_laplacianDirected,0.09399362666612493
16,M_moebius,M_normalizedLaplacianDirected,0.10110197973943791
16,M_moebius,M_moebius,0.0744526928236534
16,M_moebius,M_moebiusLaplacian,0.09319749897803874
16,M_moebius,M_modifiedMoebius,0.06624879198123056
16,M_moebius,M_shiftUndirected,0.06584579217879565
16,M_moebius,M_laplacianUndirected,0.06701522198925546
16,M_moebius,M_normalizedLaplacianUndirected,0.11250494701721778
16,M_moebius,M_leftNormalizedLaplacian,0.109055001763858
16,M_moebius,M_incidence,0.059466390990657404
16,M_moebius,M_normalizedIncidence,0.07916694529583233
16,M_moebiusLaplacian,M_shiftDirected,0.09330493455251726
16,M_moebiusLaplacian,M_laplacianDirected,0.10052287840131993
16,M_moebiusLaplacian,M_normalizedLaplacianDirected,0.10780022075851742
16,M_moebiusLaplacian,M_moebius,0.07174608164156883
16,M_moebiusLaplacian,M_moebiusLaplacian,0.10120920728199408
16,M_moebiusLaplacian,M_modifiedMoebius,0.06886992757084717
16,M_moebiusLaplacian,M_shiftUndirected,0.10117715177229653
16,M_moebiusLaplacian,M_laplacianUndirected,0.07297405225923405
16,M_moebiusLaplacian,M_normalizedLaplacianUndirected,0.12524292743214985
16,M_moebiusLaplacian,M_leftNormalizedLaplacian,0.08532145679541896
16,M_moebiusLaplacian,M_incidence,0.0678247834968651
16,M_moebiusLaplacian,M_normalizedIncidence,0.07435280685292964
16,M_modifiedMoebius,M_shiftDirected,0.09054154132883234
16,M_modifiedMoebius,M_laplacianDirected,0.10205298644127524
16,M_modifiedMoebius,M_normalizedLaplacianDirected,0.11637563141065165
16,M_modifiedMoebius,M_moebius,0.06518690803857181
16,M_modifiedMoebius,M_moebiusLaplacian,0.10278739228361838
16,M_modifiedMoebius,M_modifiedMoebius,0.07525086997465612
16,M_modifiedMoebius,M_shiftUndirected,0.06674350566910235
16,M_modifiedMoebius,M_laplacianUndirected,0.08230463858378358
16,M_modifiedMoebius,M_normalizedLaplacianUndirected,0.0893558096354804
16,M_modifiedMoebius,M_leftNormalizedLaplacian,0.08137540269192628
16,M_modifiedMoebius,M_incidence,0.06541074192846406
16,M_modifiedMoebius,M_normalizedIncidence,0.06591071134204853
16,M_shiftUndirected,M_shiftDirected,0.12413804929830312
16,M_shiftUndirected,M_laplacianDirected,0.14427207085093852
16,M_shiftUndirected,M_normalizedLaplacianDirected,0.16668367402876638
16,M_shiftUndirected,M_moebius,0.08838062508033802
16,M_shiftUndirected,M_moebiusLaplacian,0.1461890618138133
16,M_shiftUndirected,M_modifiedMoebius,0.08088420746313808
16,M_shiftUndirected,M_shiftUndirected,0.06558301246794057
16,M_shiftUndirected,M_laplacianUndirected,0.1062570861794728
16,M_shiftUndirected,M_normalizedLaplacianUndirected,0.12649296709393805
16,M_shiftUndirected,M_leftNormalizedLaplacian,0.13636894553098616
16,M_shiftUndirected,M_incidence,0.06821850608947068
16,M_shiftUndirected,M_normalizedIncidence,0.08307295272049745
16,M_laplacianUndirected,M_shiftDirected,0.0882496213187367
16,M_laplacianUndirected,M_laplacianDirected,0.1050326826380775
16,M_laplacianUndirected,M_normalizedLaplacianDirected,0.11175079875305627
16,M_laplacianUndirected,M_moebius,0.07750594896086675
16,M_laplacianUndirected,M_moebiusLaplacian,0.10649526498948632
16,M_laplacianUndirected,M_modifiedMoebius,0.0813597573130162
16,M_laplacianUndirected,M_shiftUndirected,0.06921128723096423
16,M_laplacianUndirected,M_laplacianUndirected,0.07538714288771096
16,M_laplacianUndirected,M_normalizedLaplacianUndirected,0.08822104191362692
16,M_laplacianUndirected,M_leftNormalizedLaplacian,0.1277891702476244
16,M_laplacianUndirected,M_incidence,0.06745893262311575
16,M_laplacianUndirected,M_normalizedIncidence,0.07681334531278487
16,M_normalizedLaplacianUndirected,M_shiftDirected,0.09269960453189273
16,M_normalizedLaplacianUndirected,M_laplacianDirected,0.10106419791502783
16,M_normalizedLaplacianUndirected,M_normalizedLaplacianDirected,0.1044626036070985
16,M_normalizedLaplacianUndirected,M_moebius,0.06891147628918287
16,M_normalizedLaplacianUndirected,M_moebiusLaplacian,0.10452399354746654
16,M_normalizedLaplacianUndirected,M_modifiedMoebius,0.07093316574523764
16,M_normalizedLaplacianUndirected,M_shiftUndirected,0.06734978099552773
16,M_normalizedLaplacianUndirected,M_laplacianUndirected,0.06798724007689438
16,M_normalizedLaplacianUndirected,M_normalizedLaplacianUndirected,0.08661895373053638
16,M_normalizedLaplacianUndirected,M_leftNormalizedLaplacian,0.09366072768430739
16,M_normalizedLaplacianUndirected,M_incidence,0.06572468609269357
16,M_normalizedLaplacianUndirected,M_normalizedIncidence,0.07847460856502847
16,M_leftNormalizedLaplacian,M_shiftDirected,0.09279532268547283
16,M_leftNormalizedLaplacian,M_laplacianDirected,0.10041938845229668
16,M_leftNormalizedLaplacian,M_normalizedLaplacianDirected,0.10284837270996793
16,M_leftNormalizedLaplacian,M_moebius,0.06540694476086256
16,M_leftNormalizedLaplacian,M_moebiusLaplacian,0.11798139175165
16,M_leftNormalizedLaplacian,M_modifiedMoebius,0.0628988041543649
16,M_leftNormalizedLaplacian,M_shiftUndirected,0.06345300385750549
16,M_leftNormalizedLaplacian,M_laplacianUndirected,0.07309885111653006
16,M_leftNormalizedLaplacian,M_normalizedLaplacianUndirected,0.08881061219416692
16,M_leftNormalizedLaplacian,M_leftNormalizedLaplacian,0.09623806038325416
16,M_leftNormalizedLaplacian,M_incidence,0.06379261066601236
16,M_leftNormalizedLaplacian,M_normalizedIncidence,0.06848413416985517
16,M_incidence,M_shiftDirected,0.0862728433448052
16,M_incidence,M_laplacianDirected,0.12696650538939758
16,M_incidence,M_normalizedLaplacianDirected,0.12632907013216327
16,M_incidence,M_moebius,0.08108205438844242
16,M_incidence,M_moebiusLaplacian,0.1340572562800969
16,M_incidence,M_modifiedMoebius,0.08219546116568148
16,M_incidence,M_shiftUndirected,0.06671725803132636
16,M_incidence,M_laplacianUndirected,0.11213517052121566
16,M_incidence,M_normalizedLaplacianUndirected,0.135709460590888
16,M_incidence,M_leftNormalizedLaplacian,0.13141486828112304
16,M_incidence,M_incidence,0.07140738894243438
16,M_incidence,M_normalizedIncidence,0.1094642864066601
16,M_normalizedIncidence,M_shiftDirected,0.13156119163741276
16,M_normalizedIncidence,M_laplacianDirected,0.1510530443874461
16,M_normalizedIncidence,M_normalizedLaplacianDirected,0.16235728698405752
16,M_normalizedIncidence,M_moebius,0.07469761873256025
16,M_normalizedIncidence,M_moebiusLaplacian,0.14763875949546812
16,M_normalizedIncidence,M_modifiedMoebius,0.1112598035381588
16,M_normalizedIncidence,M_shiftUndirected,0.0599619249422866
16,M_normalizedIncidence,M_laplacianUndirected,0.11361377224383465
16,M_normalizedIncidence,M_normalizedLaplacianUndirected,0.1367921946704932
16,M_normalizedIncidence,M_leftNormalizedLaplacian,0.1271385516379604
16,M_normalizedIncidence,M_incidence,0.07030430325730998
16,M_normalizedIncidence,M_normalizedIncidence,0.13793836338118548
20,M_shiftDirected,M_shiftDirected,0.10586971115412112
20,M_shiftDirected,M_laplacianDirected,0.14031280426779005
20,M_shiftDirected,M_normalizedLaplacianDirected,0.1205512105231048
20,M_shiftDirected,M_moebius,0.08296603397371242
20,M_shiftDirected,M_moebiusLaplacian,0.1388013182307888
20,M_shiftDirected,M_modifiedMoebius,0.09006758217782346
20,M_shiftDirected,M_shiftUndirected,0.08321020469621652
20,M_shiftDirected,M_laplacianUndirected,0.10493528544118627
20,M_shiftDirected,M_normalizedLaplacianUndirected,0.11998450207077004
20,M_shiftDirected,M_leftNormalizedLaplacian,0.12695096937137032
20,M_shiftDirected,M_incidence,0.08242514361785153
20,M_shiftDirected,M_normalizedIncidence,0.10183574089987595
20,M_laplacianDirected,M_shiftDirected,0.13626329239333448
20,M_laplacianDirected,M_laplacianDirected,0.11746377006375477
20,M_laplacianDirected,M_normalizedLaplacianDirected,0.13416349958166734
20,M_laplacianDirected,M_moebius,0.10218344998502885
20,M_laplacianDirected,M_moebiusLaplacian,0.1311723707845536
20,M_laplacianDirected,M_modifiedMoebius,0.0975047707315658
20,M_laplacianDirected,M_shiftUndirected,0.08736888859172998
20,M_laplacianDirected,M_laplacianUndirected,0.08926689503258096
20,M_laplacianDirected,M_normalizedLaplacianUndirected,0.13322495531460818
20,M_laplacianDirected,M_leftNormalizedLaplacian,0.11394213503308447
20,M_laplacianDirected,M_incidence,0.08479412348877806
20,M_laplacianDirected,M_normalizedIncidence,0.08666787457661194
20,M_normalizedLaplacianDirected,M_shiftDirected,0.10146006898402805
20,M_normalizedLaplacianDirected,M_laplacianDirected,0.13084254984194196
20,M_normalizedLaplacianDirected,M_normalizedLaplacianDirected,0.11616323737330432
20,M_normalizedLaplacianDirected,M_moebius,0.08350674344348812
20,M_normalizedLaplacianDirected,M_moebiusLaplacian,0.1380135620050037
20,M_normalizedLaplacianDirected,M_modifiedMoebius,0.08875826318835478
20,M_normalizedLaplacianDirected,M_shiftUndirected,0.08417778212170868
20,M_normalizedLaplacianDirected,M_laplacianUndirected,0.0964884259509858
20,M_normalizedLaplacianDirected,M_normalizedLaplacianUndirected,0.1212536944592863
20,M_normalizedLaplacianDirected,M_leftNormalizedLaplacian,0.13384563743085845
20,M_normalizedLaplacianDirected,M_incidence,0.086106082199478
20,M_normalizedLaplacianDirected,M_normalizedIncidence,0.11771535028994368
20,M_moebius,M_shiftDirected,0.10874178196304353
20,M_moebius,M_laplacianDirected,0.11369735153191289
20,M_moebius,M_normalizedLaplacianDirected,0.11917195355386113
20,M_moebius,M_moebius,0.09362707373399305
20,M_moebius,M_moebiusLaplacian,0.1187258810625871
20,M_moebius,M_modifiedMoebius,0.07936267807946606
20,M_moebius,M_shiftUndirected,0.08481950601639773
20,M_moebius,M_laplacianUndirected,0.08715255568525711
20,M_moebius,M_normalizedLaplacianUndirected,0.13658273418276832
20,M_moebius,M_leftNormalizedLaplacian,0.12811866473440928
20,M_moebius,M_incidence,0.07790871405371246
20,M_moebius,M_normalizedIncidence,0.09641454766349469
20,M_moebiusLaplacian,M_shiftDirected,0.11107310673380692
20,M_moebiusLaplacian,M_laplacianDirected,0.1192589925454165
20,M_moebiusLaplacian,M_normalizedLaplacianDirected,0.12776874858861326
20,M_moebiusLaplacian,M_moebius,0.08425879670413801
20,M_moebiusLaplacian,M_moebiusLaplacian,0.1187203679210324
20,M_moebiusLaplacian,M_modifiedMoebius,0.09087133283288425
20,M_moebiusLaplacian,M_shiftUndirected,0.10009256940932011
20,M_moebiusLaplacian,M_laplacianUndirected,0.089470703917592
20,M_moebiusLaplacian,M_normalizedLaplacianUndirected,0.10566437605022652
20,M_moebiusLaplacian,M_leftNormalizedLaplacian,0.098817802642635
20,M_moebiusLaplacian,M_incidence,0.08558804328689215
20,M_moebiusLaplacian,M_normalizedIncidence,0.08973725929611345
20,M_modifiedMoebius,M_shiftDirected,0.1149389659072375
20,M_modifiedMoebius,M_laplacianDirected,0.12357314583336834
20,M_modifiedMoebius,M_normalizedLaplacianDirected,0.12508692243078953
20,M_modifiedMoebius,M_moebius,0.080096450860546725
20,M_modifiedMoebius,M_moebiusLaplacian,0.12480643091278092
20,M_modifiedMoebius,M_modifiedMoebius,0.08390520838071504
20,M_modifiedMoebius,M_shiftUndirected,0.11692113931673379
20,M_modifiedMoebius,M_laplacianUndirected,0.10425954905896669
20,M_modifiedMoebius,M_normalizedLaplacianUndirected,0.106110400353294
20,M_modifiedMoebius,M_leftNormalizedLaplacian,0.10439142081916881
20,M_modifiedMoebius,M_incidence,0.08879252887161719
20,M_modifiedMoebius,M_normalizedIncidence,0.10204996739119973
20,M_shiftUndirected,M_shiftDirected,0.13336410507576385
20,M_shiftUndirected,M_laplacianDirected,0.16063108528012343
20,M_shiftUndirected,M_normalizedLaplacianDirected,0.17783220074658934
20,M_shiftUndirected,M_moebius,0.10223994042573445
20,M_shiftUndirected,M_moebiusLaplacian,0.14993988352308604
20,M_shiftUndirected,M_modifiedMoebius,0.08489106655723805
20,M_shiftUndirected,M_shiftUndirected,0.07966115357925899
20,M_shiftUndirected,M_laplacianUndirected,0.10459568116477588
20,M_shiftUndirected,M_normalizedLaplacianUndirected,0.1605398189578532
20,M_shiftUndirected,M_leftNormalizedLaplacian,0.14664574213349701
20,M_shiftUndirected,M_incidence,0.08241799583680118
20,M_shiftUndirected,M_normalizedIncidence,0.08832845081318676
20,M_laplacianUndirected,M_shiftDirected,0.11704539993632086
20,M_laplacianUndirected,M_laplacianDirected,0.12078698104116481
20,M_laplacianUndirected,M_normalizedLaplacianDirected,0.13143784521528193
20,M_laplacianUndirected,M_moebius,0.08955663574853477
20,M_laplacianUndirected,M_moebiusLaplacian,0.12444697446637187
20,M_laplacianUndirected,M_modifiedMoebius,0.0854199234022604
20,M_laplacianUndirected,M_shiftUndirected,0.0965197726465724
20,M_laplacianUndirected,M_laplacianUndirected,0.10206636980517168
20,M_laplacianUndirected,M_normalizedLaplacianUndirected,0.11252884606857383
20,M_laplacianUndirected,M_leftNormalizedLaplacian,0.15049682137573678
20,M_laplacianUndirected,M_incidence,0.08469085830204143
20,M_laplacianUndirected,M_normalizedIncidence,0.08700621401659347
20,M_normalizedLaplacianUndirected,M_shiftDirected,0.13952318123967788
20,M_normalizedLaplacianUndirected,M_laplacianDirected,0.12244428735518177
20,M_normalizedLaplacianUndirected,M_normalizedLaplacianDirected,0.12424588002184679
20,M_normalizedLaplacianUndirected,M_moebius,0.09567110131336497
20,M_normalizedLaplacianUndirected,M_moebiusLaplacian,0.12767089457857064
20,M_normalizedLaplacianUndirected,M_modifiedMoebius,0.11870627723851539
20,M_normalizedLaplacianUndirected,M_shiftUndirected,0.1082260805626369
20,M_normalizedLaplacianUndirected,M_laplacianUndirected,0.08761383098385357
20,M_normalizedLaplacianUndirected,M_normalizedLaplacianUndirected,0.09923440979554837
20,M_normalizedLaplacianUndirected,M_leftNormalizedLaplacian,0.13501951742810916
20,M_normalizedLaplacianUndirected,M_incidence,0.08797720986025227
20,M_normalizedLaplacianUndirected,M_normalizedIncidence,0.09420708392492008
20,M_leftNormalizedLaplacian,M_shiftDirected,0.11716427037052084
20,M_leftNormalizedLaplacian,M_laplacianDirected,0.12340372673816395
20,M_leftNormalizedLaplacian,M_normalizedLaplacianDirected,0.12427764906831436
20,M_leftNormalizedLaplacian,M_moebius,0.09376387856048914
20,M_leftNormalizedLaplacian,M_moebiusLaplacian,0.12379595224215342
20,M_leftNormalizedLaplacian,M_modifiedMoebius,0.09832889180019934
20,M_leftNormalizedLaplacian,M_shiftUndirected,0.08339257356107788
20,M_leftNormalizedLaplacian,M_laplacianUndirected,0.09082034200329157
20,M_leftNormalizedLaplacian,M_normalizedLaplacianUndirected,0.1060534444031689
20,M_leftNormalizedLaplacian,M_leftNormalizedLaplacian,0.10111754566287136
20,M_leftNormalizedLaplacian,M_incidence,0.08516683129954083
20,M_leftNormalizedLaplacian,M_normalizedIncidence,0.09071154996066867
20,M_incidence,M_shiftDirected,0.11771589697917428
20,M_incidence,M_laplacianDirected,0.15911431834773065
20,M_incidence,M_normalizedLaplacianDirected,0.16798838081303935
20,M_incidence,M_moebius,0.10552090839451354
20,M_incidence,M_moebiusLaplacian,0.16334502412251686
20,M_incidence,M_modifiedMoebius,0.15725777320200768
20,M_incidence,M_shiftUndirected,0.09009912256473658
20,M_incidence,M_laplacianUndirected,0.11005223551029991
20,M_incidence,M_normalizedLaplacianUndirected,0.1517330687802558
20,M_incidence,M_leftNormalizedLaplacian,0.13729603569459262
20,M_incidence,M_incidence,0.08082039762168475
20,M_incidence,M_normalizedIncidence,0.12098491161434828
20,M_normalizedIncidence,M_shiftDirected,0.14634553987260943
20,M_normalizedIncidence,M_laplacianDirected,0.1776307291811316
20,M_normalizedIncidence,M_normalizedLaplacianDirected,0.1781400010684
20,M_normalizedIncidence,M_moebius,0.08845025196508374
20,M_normalizedIncidence,M_moebiusLaplacian,0.16066942169787886
20,M_normalizedIncidence,M_modifiedMoebius,0.13882084682889798
20,M_normalizedIncidence,M_shiftUndirected,0.08412681868321578
20,M_normalizedIncidence,M_laplacianUndirected,0.12303472271972131
20,M_normalizedIncidence,M_normalizedLaplacianUndirected,0.17093297487112172
20,M_normalizedIncidence,M_leftNormalizedLaplacian,0.15579072958005688
20,M_normalizedIncidence,M_incidence,0.08701657789048468
20,M_normalizedIncidence,M_normalizedIncidence,0.1407954159181454